<?xml version="1.0" encoding="UTF-8"?>

<Condition xmlns="http://hl7.org/fhir">
  <id value="exemplo-condition-dor-ocular"/>
  <meta>
    <profile value="https://hl7.pt/fhir/community-health/StructureDefinition/condition-diagnosis"/>
  </meta>
  <text>
    <status value="extensions"/><div xmlns="http://www.w3.org/1999/xhtml"><p class="res-header-id"><b>Generated Narrative: Condition exemplo-condition-dor-ocular</b></p><a name="exemplo-condition-dor-ocular"> </a><a name="hcexemplo-condition-dor-ocular"> </a><a name="exemplo-condition-dor-ocular-en-US"> </a><p><b>com/fhir/example/StructureDefinition/probability</b>: 84.03</p><p><b>code</b>: <span title="Codes:{https://ehr.p5.pt/terminology/CodeSystem/conditions 94}, {http://snomed.info/sct 41652007}, {http://hl7.org/fhir/sid/icd-10 H57.1}, {http://ehr.p5.pt/terminology/icpc2 F01}">Eye pain</span></p><p><b>subject</b>: <a href="Patient-exemplo-patient-1.html">John Doe  Male, DoB: 2009-02-09 ( https://ehr.testing.p5.pt/api/fhir#12345678)</a></p><p><b>encounter</b>: <a href="Encounter-exemplo-encounter-ia-registo.html">Encounter: status = finished; class = emergency (ActCode#EMER); type = Avaliador de Sintomas; serviceType = Algoritmo de Inteligência Artificial; period = 2024-11-18 19:20:00+0000 --&gt; 2024-11-18 19:20:00+0000</a></p></div>
  </text>
  <extension url="http://example.com/fhir/example/StructureDefinition/probability">
    <valueDecimal value="84.03"/>
  </extension>
  <code>
    <coding>
      <system value="https://ehr.p5.pt/terminology/CodeSystem/conditions"/>
      <code value="94"/>
      <display value="Eye pain"/>
    </coding>
    <coding>
      <system value="http://snomed.info/sct"/>
      <code value="41652007"/>
      <display value="Pain in eye (finding)"/>
    </coding>
    <coding>
      <system value="http://hl7.org/fhir/sid/icd-10"/>
      <code value="H57.1"/>
      <display value="Ocular pain"/>
    </coding>
    <coding>
      <system value="http://ehr.p5.pt/terminology/icpc2"/>
      <code value="F01"/>
      <display value="Eye pain"/>
    </coding>
    <text value="Eye pain"/>
  </code>
  <subject>
    <reference value="Patient/exemplo-patient-1"/>
  </subject>
  <encounter>
    <reference value="Encounter/exemplo-encounter-ia-registo"/>
  </encounter>
</Condition>