<?xml version="1.0" encoding="UTF-8"?>

<ImplementationGuide xmlns="http://hl7.org/fhir">
  <id value="my-ig"/>
  <text>
    <status value="generated"/><div xmlns="http://www.w3.org/1999/xhtml"><p class="res-header-id"><b>Generated Narrative: ImplementationGuide my-ig</b></p><a name="my-ig"> </a><a name="hcmy-ig"> </a><a name="my-ig-en-US"> </a><h2>CommunityHealthIG</h2><p>The official URL for this implementation guide is: </p><pre>http://hl7.pt/fhir/ImplementationGuide/hl7.fhir.pt.community-health</pre><div><p>Example IG exercises many of the fields in a SUSHI configuration.</p>
</div></div>
  </text>
  <url value="http://hl7.pt/fhir/ImplementationGuide/hl7.fhir.pt.community-health"/>
  <version value="1.0.1"/>
  <name value="CommunityHealthIG"/>
  <title value="HL7 PT FHIR Implementation Guide: Community Health"/>
  <status value="active"/>
  <date value="2024-11-26"/>
  <publisher value="HL7 Portugal"/>
  <contact>
    <name value="HL7 Portugal"/>
    <telecom>
      <system value="url"/>
      <value value="http://hl7.pt"/>
    </telecom>
    <telecom>
      <system value="email"/>
      <value value="info@hl7.pt"/>
    </telecom>
  </contact>
  <contact>
    <name value="HL7 Portugal"/>
    <telecom>
      <system value="email"/>
      <value value="geral@hl7.pt"/>
      <use value="work"/>
    </telecom>
  </contact>
  <description value="Example IG exercises many of the fields in a SUSHI configuration."/>
  <jurisdiction>
    <coding>
      <system value="http://unstats.un.org/unsd/methods/m49/m49.htm"/>
      <code value="001"/>
      <display value="World"/>
    </coding>
  </jurisdiction>
  <packageId value="my-ig"/>
  <license value="CC0-1.0"/>
  <fhirVersion value="4.0.1"/>
  <dependsOn id="hl7tx">
    <extension url="http://hl7.org/fhir/tools/StructureDefinition/implementationguide-dependency-comment">
      <valueMarkdown value="Automatically added as a dependency - all IGs depend on HL7 Terminology"/>
    </extension>
    <uri value="http://terminology.hl7.org/ImplementationGuide/hl7.terminology"/>
    <packageId value="hl7.terminology.r4"/>
    <version value="6.1.0"/>
  </dependsOn>
  <dependsOn id="hl7ext">
    <extension url="http://hl7.org/fhir/tools/StructureDefinition/implementationguide-dependency-comment">
      <valueMarkdown value="Automatically added as a dependency - all IGs depend on the HL7 Extension Pack"/>
    </extension>
    <uri value="http://hl7.org/fhir/extensions/ImplementationGuide/hl7.fhir.uv.extensions"/>
    <packageId value="hl7.fhir.uv.extensions.r4"/>
    <version value="5.1.0"/>
  </dependsOn>
  <definition>
    <extension url="http://hl7.org/fhir/tools/StructureDefinition/ig-parameter">
      <extension url="code">
        <valueString value="copyrightyear"/>
      </extension>
      <extension url="value">
        <valueString value="2024+"/>
      </extension>
    </extension>
    <extension url="http://hl7.org/fhir/tools/StructureDefinition/ig-parameter">
      <extension url="code">
        <valueString value="releaselabel"/>
      </extension>
      <extension url="value">
        <valueString value="STU1"/>
      </extension>
    </extension>
    <extension url="http://hl7.org/fhir/tools/StructureDefinition/ig-parameter">
      <extension url="code">
        <valueString value="produce-jekyll-data"/>
      </extension>
      <extension url="value">
        <valueString value="true"/>
      </extension>
    </extension>
    <extension url="http://hl7.org/fhir/tools/StructureDefinition/ig-parameter">
      <extension url="code">
        <valueString value="autoload-resources"/>
      </extension>
      <extension url="value">
        <valueString value="true"/>
      </extension>
    </extension>
    <extension url="http://hl7.org/fhir/tools/StructureDefinition/ig-parameter">
      <extension url="code">
        <valueString value="path-liquid"/>
      </extension>
      <extension url="value">
        <valueString value="template/liquid"/>
      </extension>
    </extension>
    <extension url="http://hl7.org/fhir/tools/StructureDefinition/ig-parameter">
      <extension url="code">
        <valueString value="path-liquid"/>
      </extension>
      <extension url="value">
        <valueString value="input/liquid"/>
      </extension>
    </extension>
    <extension url="http://hl7.org/fhir/tools/StructureDefinition/ig-parameter">
      <extension url="code">
        <valueString value="path-qa"/>
      </extension>
      <extension url="value">
        <valueString value="temp/qa"/>
      </extension>
    </extension>
    <extension url="http://hl7.org/fhir/tools/StructureDefinition/ig-parameter">
      <extension url="code">
        <valueString value="path-temp"/>
      </extension>
      <extension url="value">
        <valueString value="temp/pages"/>
      </extension>
    </extension>
    <extension url="http://hl7.org/fhir/tools/StructureDefinition/ig-parameter">
      <extension url="code">
        <valueString value="path-output"/>
      </extension>
      <extension url="value">
        <valueString value="output"/>
      </extension>
    </extension>
    <extension url="http://hl7.org/fhir/tools/StructureDefinition/ig-parameter">
      <extension url="code">
        <valueString value="path-suppressed-warnings"/>
      </extension>
      <extension url="value">
        <valueString value="input/ignoreWarnings.txt"/>
      </extension>
    </extension>
    <extension url="http://hl7.org/fhir/tools/StructureDefinition/ig-parameter">
      <extension url="code">
        <valueString value="path-history"/>
      </extension>
      <extension url="value">
        <valueString value="http://hl7.pt/fhir/history.html"/>
      </extension>
    </extension>
    <extension url="http://hl7.org/fhir/tools/StructureDefinition/ig-parameter">
      <extension url="code">
        <valueString value="template-html"/>
      </extension>
      <extension url="value">
        <valueString value="template-page.html"/>
      </extension>
    </extension>
    <extension url="http://hl7.org/fhir/tools/StructureDefinition/ig-parameter">
      <extension url="code">
        <valueString value="template-md"/>
      </extension>
      <extension url="value">
        <valueString value="template-page-md.html"/>
      </extension>
    </extension>
    <extension url="http://hl7.org/fhir/tools/StructureDefinition/ig-parameter">
      <extension url="code">
        <valueString value="apply-contact"/>
      </extension>
      <extension url="value">
        <valueString value="true"/>
      </extension>
    </extension>
    <extension url="http://hl7.org/fhir/tools/StructureDefinition/ig-parameter">
      <extension url="code">
        <valueString value="apply-context"/>
      </extension>
      <extension url="value">
        <valueString value="true"/>
      </extension>
    </extension>
    <extension url="http://hl7.org/fhir/tools/StructureDefinition/ig-parameter">
      <extension url="code">
        <valueString value="apply-copyright"/>
      </extension>
      <extension url="value">
        <valueString value="true"/>
      </extension>
    </extension>
    <extension url="http://hl7.org/fhir/tools/StructureDefinition/ig-parameter">
      <extension url="code">
        <valueString value="apply-jurisdiction"/>
      </extension>
      <extension url="value">
        <valueString value="true"/>
      </extension>
    </extension>
    <extension url="http://hl7.org/fhir/tools/StructureDefinition/ig-parameter">
      <extension url="code">
        <valueString value="apply-license"/>
      </extension>
      <extension url="value">
        <valueString value="true"/>
      </extension>
    </extension>
    <extension url="http://hl7.org/fhir/tools/StructureDefinition/ig-parameter">
      <extension url="code">
        <valueString value="apply-publisher"/>
      </extension>
      <extension url="value">
        <valueString value="true"/>
      </extension>
    </extension>
    <extension url="http://hl7.org/fhir/tools/StructureDefinition/ig-parameter">
      <extension url="code">
        <valueString value="apply-version"/>
      </extension>
      <extension url="value">
        <valueString value="true"/>
      </extension>
    </extension>
    <extension url="http://hl7.org/fhir/tools/StructureDefinition/ig-parameter">
      <extension url="code">
        <valueString value="apply-wg"/>
      </extension>
      <extension url="value">
        <valueString value="true"/>
      </extension>
    </extension>
    <extension url="http://hl7.org/fhir/tools/StructureDefinition/ig-parameter">
      <extension url="code">
        <valueString value="active-tables"/>
      </extension>
      <extension url="value">
        <valueString value="true"/>
      </extension>
    </extension>
    <extension url="http://hl7.org/fhir/tools/StructureDefinition/ig-parameter">
      <extension url="code">
        <valueString value="fmm-definition"/>
      </extension>
      <extension url="value">
        <valueString value="http://hl7.org/fhir/versions.html#maturity"/>
      </extension>
    </extension>
    <extension url="http://hl7.org/fhir/tools/StructureDefinition/ig-parameter">
      <extension url="code">
        <valueString value="propagate-status"/>
      </extension>
      <extension url="value">
        <valueString value="true"/>
      </extension>
    </extension>
    <extension url="http://hl7.org/fhir/tools/StructureDefinition/ig-parameter">
      <extension url="code">
        <valueString value="excludelogbinaryformat"/>
      </extension>
      <extension url="value">
        <valueString value="true"/>
      </extension>
    </extension>
    <extension url="http://hl7.org/fhir/tools/StructureDefinition/ig-parameter">
      <extension url="code">
        <valueString value="tabbed-snapshots"/>
      </extension>
      <extension url="value">
        <valueString value="true"/>
      </extension>
    </extension>
    <extension url="http://hl7.org/fhir/tools/StructureDefinition/ig-internal-dependency">
      <valueCode value="hl7.fhir.uv.tools.r4#0.3.0"/>
    </extension>
    <extension url="http://hl7.org/fhir/tools/StructureDefinition/ig-parameter">
      <extension url="code">
        <valueCode value="copyrightyear"/>
      </extension>
      <extension url="value">
        <valueString value="2024+"/>
      </extension>
    </extension>
    <extension url="http://hl7.org/fhir/tools/StructureDefinition/ig-parameter">
      <extension url="code">
        <valueCode value="releaselabel"/>
      </extension>
      <extension url="value">
        <valueString value="STU1"/>
      </extension>
    </extension>
    <extension url="http://hl7.org/fhir/tools/StructureDefinition/ig-parameter">
      <extension url="code">
        <valueCode value="produce-jekyll-data"/>
      </extension>
      <extension url="value">
        <valueString value="true"/>
      </extension>
    </extension>
    <extension url="http://hl7.org/fhir/tools/StructureDefinition/ig-parameter">
      <extension url="code">
        <valueCode value="autoload-resources"/>
      </extension>
      <extension url="value">
        <valueString value="true"/>
      </extension>
    </extension>
    <extension url="http://hl7.org/fhir/tools/StructureDefinition/ig-parameter">
      <extension url="code">
        <valueCode value="path-liquid"/>
      </extension>
      <extension url="value">
        <valueString value="template/liquid"/>
      </extension>
    </extension>
    <extension url="http://hl7.org/fhir/tools/StructureDefinition/ig-parameter">
      <extension url="code">
        <valueCode value="path-liquid"/>
      </extension>
      <extension url="value">
        <valueString value="input/liquid"/>
      </extension>
    </extension>
    <extension url="http://hl7.org/fhir/tools/StructureDefinition/ig-parameter">
      <extension url="code">
        <valueCode value="path-qa"/>
      </extension>
      <extension url="value">
        <valueString value="temp/qa"/>
      </extension>
    </extension>
    <extension url="http://hl7.org/fhir/tools/StructureDefinition/ig-parameter">
      <extension url="code">
        <valueCode value="path-temp"/>
      </extension>
      <extension url="value">
        <valueString value="temp/pages"/>
      </extension>
    </extension>
    <extension url="http://hl7.org/fhir/tools/StructureDefinition/ig-parameter">
      <extension url="code">
        <valueCode value="path-output"/>
      </extension>
      <extension url="value">
        <valueString value="output"/>
      </extension>
    </extension>
    <extension url="http://hl7.org/fhir/tools/StructureDefinition/ig-parameter">
      <extension url="code">
        <valueCode value="path-suppressed-warnings"/>
      </extension>
      <extension url="value">
        <valueString value="input/ignoreWarnings.txt"/>
      </extension>
    </extension>
    <extension url="http://hl7.org/fhir/tools/StructureDefinition/ig-parameter">
      <extension url="code">
        <valueCode value="path-history"/>
      </extension>
      <extension url="value">
        <valueString value="http://hl7.pt/fhir/history.html"/>
      </extension>
    </extension>
    <extension url="http://hl7.org/fhir/tools/StructureDefinition/ig-parameter">
      <extension url="code">
        <valueCode value="template-html"/>
      </extension>
      <extension url="value">
        <valueString value="template-page.html"/>
      </extension>
    </extension>
    <extension url="http://hl7.org/fhir/tools/StructureDefinition/ig-parameter">
      <extension url="code">
        <valueCode value="template-md"/>
      </extension>
      <extension url="value">
        <valueString value="template-page-md.html"/>
      </extension>
    </extension>
    <extension url="http://hl7.org/fhir/tools/StructureDefinition/ig-parameter">
      <extension url="code">
        <valueCode value="apply-contact"/>
      </extension>
      <extension url="value">
        <valueString value="true"/>
      </extension>
    </extension>
    <extension url="http://hl7.org/fhir/tools/StructureDefinition/ig-parameter">
      <extension url="code">
        <valueCode value="apply-context"/>
      </extension>
      <extension url="value">
        <valueString value="true"/>
      </extension>
    </extension>
    <extension url="http://hl7.org/fhir/tools/StructureDefinition/ig-parameter">
      <extension url="code">
        <valueCode value="apply-copyright"/>
      </extension>
      <extension url="value">
        <valueString value="true"/>
      </extension>
    </extension>
    <extension url="http://hl7.org/fhir/tools/StructureDefinition/ig-parameter">
      <extension url="code">
        <valueCode value="apply-jurisdiction"/>
      </extension>
      <extension url="value">
        <valueString value="true"/>
      </extension>
    </extension>
    <extension url="http://hl7.org/fhir/tools/StructureDefinition/ig-parameter">
      <extension url="code">
        <valueCode value="apply-license"/>
      </extension>
      <extension url="value">
        <valueString value="true"/>
      </extension>
    </extension>
    <extension url="http://hl7.org/fhir/tools/StructureDefinition/ig-parameter">
      <extension url="code">
        <valueCode value="apply-publisher"/>
      </extension>
      <extension url="value">
        <valueString value="true"/>
      </extension>
    </extension>
    <extension url="http://hl7.org/fhir/tools/StructureDefinition/ig-parameter">
      <extension url="code">
        <valueCode value="apply-version"/>
      </extension>
      <extension url="value">
        <valueString value="true"/>
      </extension>
    </extension>
    <extension url="http://hl7.org/fhir/tools/StructureDefinition/ig-parameter">
      <extension url="code">
        <valueCode value="apply-wg"/>
      </extension>
      <extension url="value">
        <valueString value="true"/>
      </extension>
    </extension>
    <extension url="http://hl7.org/fhir/tools/StructureDefinition/ig-parameter">
      <extension url="code">
        <valueCode value="active-tables"/>
      </extension>
      <extension url="value">
        <valueString value="true"/>
      </extension>
    </extension>
    <extension url="http://hl7.org/fhir/tools/StructureDefinition/ig-parameter">
      <extension url="code">
        <valueCode value="fmm-definition"/>
      </extension>
      <extension url="value">
        <valueString value="http://hl7.org/fhir/versions.html#maturity"/>
      </extension>
    </extension>
    <extension url="http://hl7.org/fhir/tools/StructureDefinition/ig-parameter">
      <extension url="code">
        <valueCode value="propagate-status"/>
      </extension>
      <extension url="value">
        <valueString value="true"/>
      </extension>
    </extension>
    <extension url="http://hl7.org/fhir/tools/StructureDefinition/ig-parameter">
      <extension url="code">
        <valueCode value="excludelogbinaryformat"/>
      </extension>
      <extension url="value">
        <valueString value="true"/>
      </extension>
    </extension>
    <extension url="http://hl7.org/fhir/tools/StructureDefinition/ig-parameter">
      <extension url="code">
        <valueCode value="tabbed-snapshots"/>
      </extension>
      <extension url="value">
        <valueString value="true"/>
      </extension>
    </extension>
    <resource>
      <extension url="http://hl7.org/fhir/tools/StructureDefinition/resource-information">
        <valueString value="StructureDefinition:resource"/>
      </extension>
      <reference>
        <reference value="StructureDefinition/allergy-intolerance-patient-allergy"/>
      </reference>
      <name value="AllergyIntolerance - Alergia do paciente registada"/>
      <description value="Este perfil representa as restrições aplicadas ao recurso AllergyIntolerance pelo Guia de Implementação FHIR do Sistema Clínico de Triagem e Aconselhamento (TCCS). Descreve as expectativas mínimas para o recurso AllergyIntolerance quando utilizado na composição do sistema ou em um dos recursos referidos."/>
      <exampleBoolean value="false"/>
    </resource>
    <resource>
      <extension url="http://hl7.org/fhir/tools/StructureDefinition/resource-information">
        <valueString value="StructureDefinition:resource"/>
      </extension>
      <reference>
        <reference value="StructureDefinition/care-plan-treatmentPlan"/>
      </reference>
      <name value="CarePlan - Plano de tratamento"/>
      <description value="Este perfil define as restrições para o recurso `CarePlan`, padronizando a documentação de planos de cuidado.&#xA;O plano de cuidados pode incluir diferentes tipos de tarefas, cada uma direcionada para abordar aspetos específicos da condição do paciente:&#xA;Tarefas não farmacológicas: Focam-se em intervenções que não envolvem o uso de medicação, como alterações no estilo de vida ou outras abordagens terapêuticas.&#xA;Tarefas de ServiceRequest: Estas tarefas definem uma data de reavaliação, especificando quando o episódio de cuidados deve ser reavaliado para determinar o progresso do paciente e os próximos passos no tratamento.&#xA;O plano de cuidados inclui também uma secção de notas, onde o profissional de saúde pode registar observações, ideias ou instruções importantes. Esta secção permite documentar qualquer detalhe relevante para a gestão do cuidado."/>
      <exampleBoolean value="false"/>
    </resource>
    <resource>
      <extension url="http://hl7.org/fhir/tools/StructureDefinition/resource-information">
        <valueString value="StructureDefinition:resource"/>
      </extension>
      <reference>
        <reference value="StructureDefinition/condition-diagnosis"/>
      </reference>
      <name value="Condition - Diagnosis"/>
      <description value="Este perfil especifica as restrições para o recurso `Condition` no contexto do Sistema Clínico de Triagem e Aconselhamento (TCCS).&#xA;Este perfil representa o registro de diagnósticos e problemas de saúde, com suporte a sistemas de codificação preferenciais, como SNOMED CT, ICD-10 e ICPC-2, permitindo maior interoperabilidade e precisão na documentação clínica.&#xA;Além disso, o perfil inclui uma extensão para representar a probabilidade associada ao diagnóstico, aprimorando a análise e a tomada de decisão em cenários clínicos."/>
      <exampleBoolean value="false"/>
    </resource>
    <resource>
      <extension url="http://hl7.org/fhir/tools/StructureDefinition/resource-information">
        <valueString value="StructureDefinition:resource"/>
      </extension>
      <reference>
        <reference value="StructureDefinition/condition-critical-disease"/>
      </reference>
      <name value="Condition - Doença de Risco"/>
      <description value="Um perfil de Condition para representar doenças de risco."/>
      <exampleBoolean value="false"/>
    </resource>
    <resource>
      <extension url="http://hl7.org/fhir/tools/StructureDefinition/resource-information">
        <valueString value="StructureDefinition:resource"/>
      </extension>
      <reference>
        <reference value="StructureDefinition/condition-chronic-disease"/>
      </reference>
      <name value="Condition - Doenças Crônicas"/>
      <description value="Um perfil de Condition para representar doenças crônicas."/>
      <exampleBoolean value="false"/>
    </resource>
    <resource>
      <extension url="http://hl7.org/fhir/tools/StructureDefinition/resource-information">
        <valueString value="StructureDefinition:resource"/>
      </extension>
      <reference>
        <reference value="StructureDefinition/condition-chronic-disease-asthma"/>
      </reference>
      <name value="Condition - Doenças Crônicas - Asma"/>
      <description value="Um perfil de Condition para representar asma como doença crônica."/>
      <exampleBoolean value="false"/>
    </resource>
    <resource>
      <extension url="http://hl7.org/fhir/tools/StructureDefinition/resource-information">
        <valueString value="StructureDefinition:resource"/>
      </extension>
      <reference>
        <reference value="StructureDefinition/condition-chronic-disease-diabetes"/>
      </reference>
      <name value="Condition - Doenças Crônicas - Diabetes"/>
      <description value="Um perfil de Condition para representar diabetes como doença crônica."/>
      <exampleBoolean value="false"/>
    </resource>
    <resource>
      <extension url="http://hl7.org/fhir/tools/StructureDefinition/resource-information">
        <valueString value="StructureDefinition:resource"/>
      </extension>
      <reference>
        <reference value="StructureDefinition/condition-chronic-disease-dyslipidemia"/>
      </reference>
      <name value="Condition - Doenças Crônicas - Dislipidemia"/>
      <description value="Um perfil de Condition para representar dislipidemia como doença crônica."/>
      <exampleBoolean value="false"/>
    </resource>
    <resource>
      <extension url="http://hl7.org/fhir/tools/StructureDefinition/resource-information">
        <valueString value="StructureDefinition:resource"/>
      </extension>
      <reference>
        <reference value="StructureDefinition/condition-chronic-disease-chronic-obstructive-pulmonary-disease"/>
      </reference>
      <name value="Condition - Doenças Crônicas - DPOC"/>
      <description value="Um perfil de Condition para representar DPOC como doença crônica."/>
      <exampleBoolean value="false"/>
    </resource>
    <resource>
      <extension url="http://hl7.org/fhir/tools/StructureDefinition/resource-information">
        <valueString value="StructureDefinition:resource"/>
      </extension>
      <reference>
        <reference value="StructureDefinition/condition-chronic-disease-hypertension"/>
      </reference>
      <name value="Condition - Doenças Crônicas - Hipertensão"/>
      <description value="Um perfil de Condition para representar hipertensão como doença crônica."/>
      <exampleBoolean value="false"/>
    </resource>
    <resource>
      <extension url="http://hl7.org/fhir/tools/StructureDefinition/resource-information">
        <valueString value="StructureDefinition:resource"/>
      </extension>
      <reference>
        <reference value="StructureDefinition/encounter-finish"/>
      </reference>
      <name value="Encounter - Finish Interaction"/>
      <description value="Este perfil representa as restrições aplicadas ao recurso Encounter pelo Guia de Implementação FHIR do Sistema Clínico de Triagem e Aconselhamento (TCCS).&#xA;Descreve as expectativas mínimas para o recurso EpisodeOfCare quando utilizado na composição do sistema ou em um dos recursos referidos.&#xA;É utilizado para representar o resultado proveniente da interação fecho de caso entre profissional de saude e paciente"/>
      <exampleBoolean value="false"/>
    </resource>
    <resource>
      <extension url="http://hl7.org/fhir/tools/StructureDefinition/resource-information">
        <valueString value="StructureDefinition:resource"/>
      </extension>
      <reference>
        <reference value="StructureDefinition/encounter-follow-up"/>
      </reference>
      <name value="Encounter - Follow-Up Interaction"/>
      <description value="Este perfil representa as restrições aplicadas ao recurso Encounter pelo Guia de Implementação FHIR do Sistema Clínico de Triagem e Aconselhamento (TCCS).&#xA;Descreve as expectativas mínimas para o recurso EpisodeOfCare quando utilizado na composição do sistema ou em um dos recursos referidos.&#xA;É utilizado para representar a interações entre profissional de saúde e paciente."/>
      <exampleBoolean value="false"/>
    </resource>
    <resource>
      <extension url="http://hl7.org/fhir/tools/StructureDefinition/resource-information">
        <valueString value="StructureDefinition:resource"/>
      </extension>
      <reference>
        <reference value="StructureDefinition/encounter-ai-algorithm"/>
      </reference>
      <name value="Encounter - Iteraction with the artificial intelligence algorithm"/>
      <description value="Este perfil representa as restrições aplicadas ao recurso Encounter pelo Guia de Implementação FHIR do Sistema Clínico de Triagem e Aconselhamento (TCCS).&#xA;Descreve as expectativas mínimas para o recurso EpisodeOfCare quando utilizado na composição do sistema ou em um dos recursos referidos.&#xA;É utilizado para representar o resultado proveniente da interação com o algoritmo de inteligência artificial."/>
      <exampleBoolean value="false"/>
    </resource>
    <resource>
      <extension url="http://hl7.org/fhir/tools/StructureDefinition/resource-information">
        <valueString value="StructureDefinition:resource"/>
      </extension>
      <reference>
        <reference value="StructureDefinition/encounter-validation"/>
      </reference>
      <name value="Encounter - Validation Iteraction"/>
      <description value="Este perfil representa as restrições aplicadas ao recurso Encounter pelo Guia de Implementação FHIR do Sistema Clínico de Triagem e Aconselhamento (TCCS).&#xA;Descreve as expectativas mínimas para o recurso EpisodeOfCare quando utilizado na composição do sistema ou em um dos recursos referidos.&#xA;É utilizado para representar a validação de dados por parte de um profissional de saude."/>
      <exampleBoolean value="false"/>
    </resource>
    <resource>
      <extension url="http://hl7.org/fhir/tools/StructureDefinition/resource-information">
        <valueString value="StructureDefinition:resource"/>
      </extension>
      <reference>
        <reference value="StructureDefinition/episodeOfCare-standard"/>
      </reference>
      <name value="Episode Of Care"/>
      <description value="&#xA;Este perfil representa um período estruturado durante o qual um paciente recebe atendimento para um problema de saúde específico ou um conjunto de condições. Ele serve como base para organizar e vincular atividades de saúde relacionadas, como sintomas, problemas, observações e planos de cuidado."/>
      <exampleBoolean value="false"/>
    </resource>
    <resource>
      <extension url="http://hl7.org/fhir/tools/StructureDefinition/resource-information">
        <valueString value="AllergyIntolerance"/>
      </extension>
      <reference>
        <reference value="AllergyIntolerance/example-allergyIntolerance"/>
      </reference>
      <name value="Exemplo AllergyIntolerance"/>
      <description value="An example AllergyIntolerance resource for a patient with a food allergy."/>
      <exampleCanonical value="https://hl7.pt/fhir/community-health/StructureDefinition/allergy-intolerance-patient-allergy"/>
    </resource>
    <resource>
      <extension url="http://hl7.org/fhir/tools/StructureDefinition/resource-information">
        <valueString value="CarePlan"/>
      </extension>
      <reference>
        <reference value="CarePlan/exemplo-carePlan-plano-de-tratamento-seguimento-com-medicacao"/>
      </reference>
      <name value="Exemplo CarePlan - Plano de tratamento com medicação"/>
      <description value="Um exemplo de recurso CarePlan detalhando um plano de cuidados para seguimento do tratamento com atividades programadas, medicação e observações relevantes."/>
      <exampleCanonical value="https://hl7.pt/fhir/community-health/StructureDefinition/care-plan-treatmentPlan"/>
    </resource>
    <resource>
      <extension url="http://hl7.org/fhir/tools/StructureDefinition/resource-information">
        <valueString value="CarePlan"/>
      </extension>
      <reference>
        <reference value="CarePlan/exemplo-carePlan-plano-de-tratamento-fecho-caso"/>
      </reference>
      <name value="Exemplo CarePlan - Plano de tratamento para fecho de caso"/>
      <description value="Um exemplo de recurso CarePlan detalhando um plano de cuidados para fecho de caso."/>
      <exampleCanonical value="https://hl7.pt/fhir/community-health/StructureDefinition/care-plan-treatmentPlan"/>
    </resource>
    <resource>
      <extension url="http://hl7.org/fhir/tools/StructureDefinition/resource-information">
        <valueString value="CarePlan"/>
      </extension>
      <reference>
        <reference value="CarePlan/exemplo-carePlan-plano-de-tratamento-seguimento"/>
      </reference>
      <name value="Exemplo CarePlan - Plano de tratamento seguimento de caso"/>
      <description value="Um exemplo de recurso CarePlan detalhando um plano de cuidados para seguimento do tratamento com atividades programadas e observações relevantes."/>
      <exampleCanonical value="https://hl7.pt/fhir/community-health/StructureDefinition/care-plan-treatmentPlan"/>
    </resource>
    <resource>
      <extension url="http://hl7.org/fhir/tools/StructureDefinition/resource-information">
        <valueString value="Condition"/>
      </extension>
      <reference>
        <reference value="Condition/exemplo-condition-disturbio-visual"/>
      </reference>
      <name value="Exemplo Condition - Disturbio visual"/>
      <description value="An example Condition resource representing a visual disturbance for a specific patient."/>
      <exampleCanonical value="https://hl7.pt/fhir/community-health/StructureDefinition/condition-diagnosis"/>
    </resource>
    <resource>
      <extension url="http://hl7.org/fhir/tools/StructureDefinition/resource-information">
        <valueString value="Condition"/>
      </extension>
      <reference>
        <reference value="Condition/exemplo-condition-asthma"/>
      </reference>
      <name value="Exemplo Condition - Doença Crónica - Asma"/>
      <description value="Condição crônica de Asma."/>
      <exampleCanonical value="https://hl7.pt/fhir/community-health/StructureDefinition/condition-chronic-disease-asthma"/>
    </resource>
    <resource>
      <extension url="http://hl7.org/fhir/tools/StructureDefinition/resource-information">
        <valueString value="Condition"/>
      </extension>
      <reference>
        <reference value="Condition/exemplo-condition-chronic-disease-diabetes"/>
      </reference>
      <name value="Exemplo Condition - Doença Crónica - Diabetes Mellitus"/>
      <description value="Condição crônica de Diabetes Mellitus."/>
      <exampleCanonical value="https://hl7.pt/fhir/community-health/StructureDefinition/condition-chronic-disease-diabetes"/>
    </resource>
    <resource>
      <extension url="http://hl7.org/fhir/tools/StructureDefinition/resource-information">
        <valueString value="Condition"/>
      </extension>
      <reference>
        <reference value="Condition/exemplo-condition-chronic-dyslipidemia"/>
      </reference>
      <name value="Exemplo Condition - Doença Crónica - Dislipidemia"/>
      <description value="Condição crônica de Dislipidemia."/>
      <exampleCanonical value="https://hl7.pt/fhir/community-health/StructureDefinition/condition-chronic-disease-dyslipidemia"/>
    </resource>
    <resource>
      <extension url="http://hl7.org/fhir/tools/StructureDefinition/resource-information">
        <valueString value="Condition"/>
      </extension>
      <reference>
        <reference value="Condition/exemplo-condition-chronic-obstructive-pulmonary-disease"/>
      </reference>
      <name value="Exemplo Condition - Doença Crónica - Doença Pulmonar Obstrutiva Crônica"/>
      <description value="Condição crônica de Doença Pulmonar Obstrutiva Crônica."/>
      <exampleCanonical value="https://hl7.pt/fhir/community-health/StructureDefinition/condition-chronic-disease-chronic-obstructive-pulmonary-disease"/>
    </resource>
    <resource>
      <extension url="http://hl7.org/fhir/tools/StructureDefinition/resource-information">
        <valueString value="Condition"/>
      </extension>
      <reference>
        <reference value="Condition/exemplo-condition-chronic-hypertension"/>
      </reference>
      <name value="Exemplo Condition - Doença Crónica - Hipertensão"/>
      <description value="Condição crônica de Hipertensão."/>
      <exampleCanonical value="https://hl7.pt/fhir/community-health/StructureDefinition/condition-chronic-disease-hypertension"/>
    </resource>
    <resource>
      <extension url="http://hl7.org/fhir/tools/StructureDefinition/resource-information">
        <valueString value="Condition"/>
      </extension>
      <reference>
        <reference value="Condition/exemplo-condition-dor-ocular"/>
      </reference>
      <name value="Exemplo Condition - Dor Ocular"/>
      <description value="An example Condition resource representing eye pain for a specific patient."/>
      <exampleCanonical value="https://hl7.pt/fhir/community-health/StructureDefinition/condition-diagnosis"/>
    </resource>
    <resource>
      <extension url="http://hl7.org/fhir/tools/StructureDefinition/resource-information">
        <valueString value="Condition"/>
      </extension>
      <reference>
        <reference value="Condition/exemplo-condition-gravidez-risco"/>
      </reference>
      <name value="Exemplo Condition - Gravidez de rsico"/>
      <description value="Exemplo representando uma gravidez de risco."/>
      <exampleCanonical value="https://hl7.pt/fhir/community-health/StructureDefinition/condition-critical-disease"/>
    </resource>
    <resource>
      <extension url="http://hl7.org/fhir/tools/StructureDefinition/resource-information">
        <valueString value="Encounter"/>
      </extension>
      <reference>
        <reference value="Encounter/exemplo-encounter-fecho-caso"/>
      </reference>
      <name value="Exemplo Encounter - Fecho de caso"/>
      <description value="An example Encounter resource representing the closure of a case."/>
      <exampleCanonical value="https://hl7.pt/fhir/community-health/StructureDefinition/encounter-finish"/>
    </resource>
    <resource>
      <extension url="http://hl7.org/fhir/tools/StructureDefinition/resource-information">
        <valueString value="Encounter"/>
      </extension>
      <reference>
        <reference value="Encounter/exemplo-encounter-ia-registo"/>
      </reference>
      <name value="Exemplo Encounter - Resultado algorithmo AI"/>
      <description value="An example Encounter resource representing an AI algorithm evaluation."/>
      <exampleCanonical value="https://hl7.pt/fhir/community-health/StructureDefinition/encounter-ai-algorithm"/>
    </resource>
    <resource>
      <extension url="http://hl7.org/fhir/tools/StructureDefinition/resource-information">
        <valueString value="Encounter"/>
      </extension>
      <reference>
        <reference value="Encounter/exemplo-encounter-seguimento"/>
      </reference>
      <name value="Exemplo Encounter - Seguimento de caso"/>
      <description value="An example Encounter resource representing the follow-up of a case."/>
      <exampleCanonical value="https://hl7.pt/fhir/community-health/StructureDefinition/encounter-follow-up"/>
    </resource>
    <resource>
      <extension url="http://hl7.org/fhir/tools/StructureDefinition/resource-information">
        <valueString value="Encounter"/>
      </extension>
      <reference>
        <reference value="Encounter/exemplo-encounter-validacao-caso"/>
      </reference>
      <name value="Exemplo Encounter - Validação de caso"/>
      <description value="An example Encounter resource representing the validation of a case."/>
      <exampleCanonical value="https://hl7.pt/fhir/community-health/StructureDefinition/encounter-validation"/>
    </resource>
    <resource>
      <extension url="http://hl7.org/fhir/tools/StructureDefinition/resource-information">
        <valueString value="EpisodeOfCare"/>
      </extension>
      <reference>
        <reference value="EpisodeOfCare/exemplo-episodeofcare-episodio-activo"/>
      </reference>
      <name value="Exemplo EpisodeOfCare - Episodio Activo"/>
      <description value="An example EpisodeOfCare resource representing an active episode with urgency level and care manager."/>
      <exampleCanonical value="https://hl7.pt/fhir/community-health/StructureDefinition/episodeOfCare-standard"/>
    </resource>
    <resource>
      <extension url="http://hl7.org/fhir/tools/StructureDefinition/resource-information">
        <valueString value="EpisodeOfCare"/>
      </extension>
      <reference>
        <reference value="EpisodeOfCare/exemplo-episodeofcare-episodio-em-espera"/>
      </reference>
      <name value="Exemplo EpisodeOfCare - Episodio em espera"/>
      <description value="An example EpisodeOfCare resource representing an episode on the waitlist with urgency level."/>
      <exampleCanonical value="https://hl7.pt/fhir/community-health/StructureDefinition/episodeOfCare-standard"/>
    </resource>
    <resource>
      <extension url="http://hl7.org/fhir/tools/StructureDefinition/resource-information">
        <valueString value="EpisodeOfCare"/>
      </extension>
      <reference>
        <reference value="EpisodeOfCare/exemplo-episodeofcare-episodio-finalizado"/>
      </reference>
      <name value="Exemplo EpisodeOfCare - Episodio encerrado"/>
      <description value="An example EpisodeOfCare resource representing a finished episode with urgency level and defined period."/>
      <exampleCanonical value="https://hl7.pt/fhir/community-health/StructureDefinition/episodeOfCare-standard"/>
    </resource>
    <resource>
      <extension url="http://hl7.org/fhir/tools/StructureDefinition/resource-information">
        <valueString value="Flag"/>
      </extension>
      <reference>
        <reference value="Flag/ExampleFlagHighRiskPregnancy"/>
      </reference>
      <name value="Exemplo Flag - Doença Critica - Gravidez de risco"/>
      <description value="Exemplo de resource Flag para representar uma doença critica, neste caso uma gravidez de risco."/>
      <exampleCanonical value="https://hl7.pt/fhir/community-health/StructureDefinition/flag-critical-disease"/>
    </resource>
    <resource>
      <extension url="http://hl7.org/fhir/tools/StructureDefinition/resource-information">
        <valueString value="Immunization"/>
      </extension>
      <reference>
        <reference value="Immunization/ExampleImmunizationCovid19"/>
      </reference>
      <name value="Exemplo Immunization - Vacinação contra COVID-19"/>
      <description value="Exemplo de um registro de imunização representando a vacinação contra COVID-19."/>
      <exampleCanonical value="https://hl7.pt/fhir/community-health/StructureDefinition/immunization-vaccine"/>
    </resource>
    <resource>
      <extension url="http://hl7.org/fhir/tools/StructureDefinition/resource-information">
        <valueString value="Medication"/>
      </extension>
      <reference>
        <reference value="Medication/exemplo-medication-paracetamol"/>
      </reference>
      <name value="Exemplo Medication - Ben-u-ron"/>
      <description value="An example Medication resource for ben-u-ron Paracetamol 500 mg."/>
      <exampleCanonical value="https://hl7.pt/fhir/community-health/StructureDefinition/medication-standard"/>
    </resource>
    <resource>
      <extension url="http://hl7.org/fhir/tools/StructureDefinition/resource-information">
        <valueString value="MedicationRequest"/>
      </extension>
      <reference>
        <reference value="MedicationRequest/exemplo-medicationRequest-medicacao-prescrita"/>
      </reference>
      <name value="Exemplo MedicationRequest - Medicação Prescrita"/>
      <description value="An example MedicationRequest resource for a prescribed medication."/>
      <exampleCanonical value="https://hl7.pt/fhir/community-health/StructureDefinition/medication-request-standard"/>
    </resource>
    <resource>
      <extension url="http://hl7.org/fhir/tools/StructureDefinition/resource-information">
        <valueString value="MedicationStatement"/>
      </extension>
      <reference>
        <reference value="MedicationStatement/c5d03567-a9e6-4a3b-b593-45f7a65a5cd8"/>
      </reference>
      <name value="Exemplo MedicationStatement - Fenofibrato"/>
      <description value="An example MedicationStatement resource for Fenofibrato Generis, 145mg."/>
      <exampleCanonical value="https://hl7.pt/fhir/community-health/StructureDefinition/medication-statement-standard"/>
    </resource>
    <resource>
      <extension url="http://hl7.org/fhir/tools/StructureDefinition/resource-information">
        <valueString value="Observation"/>
      </extension>
      <reference>
        <reference value="Observation/exemplo-observation-number-healthcare-visits-last-12-months"/>
      </reference>
      <name value="Exemplo Observation -  Número de visitas a unidades de saúde nos últimos 12 Meses"/>
      <description value="Exemplo representando o número de visitas a unidades de saúde nos últimos 12 meses."/>
      <exampleCanonical value="https://hl7.pt/fhir/community-health/StructureDefinition/observation-number-healthcare-visits-last-12-months"/>
    </resource>
    <resource>
      <extension url="http://hl7.org/fhir/tools/StructureDefinition/resource-information">
        <valueString value="Observation"/>
      </extension>
      <reference>
        <reference value="Observation/exemplo-observation-desordem-sono"/>
      </reference>
      <name value="Exemplo Observation - Desordem do sono"/>
      <description value="An example Observation resource representing a sleep disorder symptom."/>
      <exampleCanonical value="https://hl7.pt/fhir/community-health/StructureDefinition/observation-symptom"/>
    </resource>
    <resource>
      <extension url="http://hl7.org/fhir/tools/StructureDefinition/resource-information">
        <valueString value="Observation"/>
      </extension>
      <reference>
        <reference value="Observation/exemplo-observation-dor"/>
      </reference>
      <name value="Exemplo Observation - Dor"/>
      <description value="An example Observation resource representing a symptom of pain."/>
      <exampleCanonical value="https://hl7.pt/fhir/community-health/StructureDefinition/observation-symptom"/>
    </resource>
    <resource>
      <extension url="http://hl7.org/fhir/tools/StructureDefinition/resource-information">
        <valueString value="Observation"/>
      </extension>
      <reference>
        <reference value="Observation/exemplo-observation-duracao-sintomas-localizacao"/>
      </reference>
      <name value="Exemplo Observation - Duração de sintomas e localização"/>
      <description value="An example Observation resource representing the duration and location of symptoms."/>
      <exampleCanonical value="https://hl7.pt/fhir/community-health/StructureDefinition/observation-symptom-duration-body-site"/>
    </resource>
    <resource>
      <extension url="http://hl7.org/fhir/tools/StructureDefinition/resource-information">
        <valueString value="Observation"/>
      </extension>
      <reference>
        <reference value="Observation/exemplo-observation-pregnancy"/>
      </reference>
      <name value="Exemplo Observation - Gravidez"/>
      <description value="Instância de uma observação representando o estado de gravidez de uma paciente."/>
      <exampleCanonical value="https://hl7.pt/fhir/community-health/StructureDefinition/observation-pregnancy"/>
    </resource>
    <resource>
      <extension url="http://hl7.org/fhir/tools/StructureDefinition/resource-information">
        <valueString value="Patient"/>
      </extension>
      <reference>
        <reference value="Patient/exemplo-patient-2"/>
      </reference>
      <name value="Exemplo Patient - Jane Smith"/>
      <description value="Um exemplo de resource Patient para Jane Smith."/>
      <exampleCanonical value="https://hl7.pt/fhir/community-health/StructureDefinition/patient-tccs"/>
    </resource>
    <resource>
      <extension url="http://hl7.org/fhir/tools/StructureDefinition/resource-information">
        <valueString value="Patient"/>
      </extension>
      <reference>
        <reference value="Patient/exemplo-patient-1"/>
      </reference>
      <name value="Exemplo Patient - John Doe"/>
      <description value="Um exemplo de resource Patient para John Doe."/>
      <exampleCanonical value="https://hl7.pt/fhir/community-health/StructureDefinition/patient-tccs"/>
    </resource>
    <resource>
      <extension url="http://hl7.org/fhir/tools/StructureDefinition/resource-information">
        <valueString value="Patient"/>
      </extension>
      <reference>
        <reference value="Patient/exemplo-patient-3"/>
      </reference>
      <name value="Exemplo Patient - Michael Johnson"/>
      <description value="Um exemplo de resource Patient para Michael Johnson."/>
      <exampleCanonical value="https://hl7.pt/fhir/community-health/StructureDefinition/patient-tccs"/>
    </resource>
    <resource>
      <extension url="http://hl7.org/fhir/tools/StructureDefinition/resource-information">
        <valueString value="Practitioner"/>
      </extension>
      <reference>
        <reference value="Practitioner/exemplo-practitioner-1"/>
      </reference>
      <name value="Exemplo Practitioner - John Smith"/>
      <description value="Um exemplo de resource Practitioner para John Smith."/>
      <exampleBoolean value="true"/>
    </resource>
    <resource>
      <extension url="http://hl7.org/fhir/tools/StructureDefinition/resource-information">
        <valueString value="QuestionnaireResponse"/>
      </extension>
      <reference>
        <reference value="QuestionnaireResponse/exemplo-questionnaireResponse"/>
      </reference>
      <name value="Exemplo QuestionnaireResponse"/>
      <description value="Um exemplo de resource QuestionnaireResponse."/>
      <exampleCanonical value="https://hl7.pt/fhir/community-health/StructureDefinition/questionnaire-response-app"/>
    </resource>
    <resource>
      <extension url="http://hl7.org/fhir/tools/StructureDefinition/resource-information">
        <valueString value="RelatedPerson"/>
      </extension>
      <reference>
        <reference value="RelatedPerson/exemplo-relatedPerson-1"/>
      </reference>
      <name value="Exemplo RelatedPerson - Emily Smith"/>
      <description value="Um exemplo de resource RelatedPerson para Emily Smith."/>
      <exampleCanonical value="https://hl7.pt/fhir/community-health/StructureDefinition/RelatedPersonTCCS"/>
    </resource>
    <resource>
      <extension url="http://hl7.org/fhir/tools/StructureDefinition/resource-information">
        <valueString value="RelatedPerson"/>
      </extension>
      <reference>
        <reference value="RelatedPerson/exemplo-relatedPerson-2"/>
      </reference>
      <name value="Exemplo RelatedPerson - Michael Johnson"/>
      <description value="Um exemplo de resource RelatedPerson para Michael Johnson."/>
      <exampleCanonical value="https://hl7.pt/fhir/community-health/StructureDefinition/RelatedPersonTCCS"/>
    </resource>
    <resource>
      <extension url="http://hl7.org/fhir/tools/StructureDefinition/resource-information">
        <valueString value="Condition"/>
      </extension>
      <reference>
        <reference value="Condition/exemplo-condition-chronic-disease"/>
      </reference>
      <name value="ExemploConditionChronicDisease"/>
      <description value="Instância representando outras doenças crônicas não especificadas."/>
      <exampleCanonical value="https://hl7.pt/fhir/community-health/StructureDefinition/condition-chronic-disease"/>
    </resource>
    <resource>
      <extension url="http://hl7.org/fhir/tools/StructureDefinition/resource-information">
        <valueString value="StructureDefinition:extension"/>
      </extension>
      <reference>
        <reference value="StructureDefinition/Extension-GrantedOrganization"/>
      </reference>
      <name value="Extension -  Granted Organization"/>
      <description value="A extensão descrita é uma extensão personalizada do FHIR criada para associar recursos a uma organização específica.&#xA;Essa extensão é útil para definir um controle de acesso baseado em organizações em um sistema de saúde interoperável.&#xA;Além disso, o uso dessa extensão também pode ser aplicado para validação durante operações de criação ou atualização de recursos.&#xA;O servidor pode, por exemplo, exigir que a extensão esteja presente e validar se o cliente tem permissão para associar o recurso àquela organização.&#xA;Isso assegura que cada dado seja corretamente atribuído e acessado apenas por quem tem autorização."/>
      <exampleBoolean value="false"/>
    </resource>
    <resource>
      <extension url="http://hl7.org/fhir/tools/StructureDefinition/resource-information">
        <valueString value="StructureDefinition:extension"/>
      </extension>
      <reference>
        <reference value="StructureDefinition/flag-detail"/>
      </reference>
      <name value="Extension - Flag Detail"/>
      <description value="Detalhes sobre a condição crítica sinalizada para um paciente."/>
      <exampleBoolean value="false"/>
    </resource>
    <resource>
      <extension url="http://hl7.org/fhir/tools/StructureDefinition/resource-information">
        <valueString value="StructureDefinition:extension"/>
      </extension>
      <reference>
        <reference value="StructureDefinition/PatientIdentifier"/>
      </reference>
      <name value="Extension Patient Identifier"/>
      <description value="Extension used to connect a resource to a patient"/>
      <exampleBoolean value="false"/>
    </resource>
    <resource>
      <extension url="http://hl7.org/fhir/tools/StructureDefinition/resource-information">
        <valueString value="StructureDefinition:extension"/>
      </extension>
      <reference>
        <reference value="StructureDefinition/probability"/>
      </reference>
      <name value="Extension Probability"/>
      <description value="Esta extensão representa a probabilidade de algo acontecer utilizando um valor decimal (ex, 0.85 para 85%)."/>
      <exampleBoolean value="false"/>
    </resource>
    <resource>
      <extension url="http://hl7.org/fhir/tools/StructureDefinition/resource-information">
        <valueString value="StructureDefinition:resource"/>
      </extension>
      <reference>
        <reference value="StructureDefinition/flag-critical-disease"/>
      </reference>
      <name value="Flag - Doença critica"/>
      <description value="Este perfil representa a utilização do recurso Flag para referenciar uma doença critica."/>
      <exampleBoolean value="false"/>
    </resource>
    <resource>
      <extension url="http://hl7.org/fhir/tools/StructureDefinition/resource-information">
        <valueString value="StructureDefinition:resource"/>
      </extension>
      <reference>
        <reference value="StructureDefinition/immunization-vaccine"/>
      </reference>
      <name value="Immunization - Vacinação"/>
      <description value="Um perfil para representar informações de imunização ou vacinação de um paciente."/>
      <exampleBoolean value="false"/>
    </resource>
    <resource>
      <extension url="http://hl7.org/fhir/tools/StructureDefinition/resource-information">
        <valueString value="StructureDefinition:resource"/>
      </extension>
      <reference>
        <reference value="StructureDefinition/medication-standard"/>
      </reference>
      <name value="Medication - Medicação"/>
      <description value="Este perfil define as restrições para o recurso `Medication`, padronizando a documentação de medicamentos, incluindo informações sobre código, ingredientes, forma farmacêutica e quantidade."/>
      <exampleBoolean value="false"/>
    </resource>
    <resource>
      <extension url="http://hl7.org/fhir/tools/StructureDefinition/resource-information">
        <valueString value="StructureDefinition:resource"/>
      </extension>
      <reference>
        <reference value="StructureDefinition/medication-request-standard"/>
      </reference>
      <name value="MedicationRequest"/>
      <description value="O recurso MedicationRequest no FHIR representa um pedido de medicação prescrita a um paciente. É utilizado para registar os detalhes da intenção do clínico relativamente à medicação do paciente, incluindo a dosagem, a frequência e a duração do uso."/>
      <exampleBoolean value="false"/>
    </resource>
    <resource>
      <extension url="http://hl7.org/fhir/tools/StructureDefinition/resource-information">
        <valueString value="StructureDefinition:resource"/>
      </extension>
      <reference>
        <reference value="StructureDefinition/medication-statement-standard"/>
      </reference>
      <name value="MedicationStatement"/>
      <description value="Este perfil é utilizado para registar informações sobre medicamentos que um paciente está atualmente a tomar, tomou no passado ou que está previsto tomar no futuro."/>
      <exampleBoolean value="false"/>
    </resource>
    <resource>
      <extension url="http://hl7.org/fhir/tools/StructureDefinition/resource-information">
        <valueString value="StructureDefinition:resource"/>
      </extension>
      <reference>
        <reference value="StructureDefinition/HumanMessages"/>
      </reference>
      <name value="Messages"/>
      <description value="Este perfil representa as restrições aplicadas ao recurso Communication pelo Guia de Implementação FHIR do Sistema Clínico de Triagem e Aconselhamento (TCCS). Descreve as expectativas mínimas para o recurso Communication quando utilizado na composição do sistema ou em um dos recursos referidos."/>
      <exampleBoolean value="false"/>
    </resource>
    <resource>
      <extension url="http://hl7.org/fhir/tools/StructureDefinition/resource-information">
        <valueString value="StructureDefinition:resource"/>
      </extension>
      <reference>
        <reference value="StructureDefinition/observation-pregnancy"/>
      </reference>
      <name value="Observation - Gravidez"/>
      <description value="Um perfil para representar informações sobre gravidez de uma paciente, incluindo idade gestacional, número de gestações e número de filhos."/>
      <exampleBoolean value="false"/>
    </resource>
    <resource>
      <extension url="http://hl7.org/fhir/tools/StructureDefinition/resource-information">
        <valueString value="StructureDefinition:resource"/>
      </extension>
      <reference>
        <reference value="StructureDefinition/observation-number-healthcare-visits-last-12-months"/>
      </reference>
      <name value="Observation - Número de visitas a unidades de saúde nos últimos 12 Meses"/>
      <description value="Um perfil para representar o número de visitas a unidades de saúde nos últimos 12 meses."/>
      <exampleBoolean value="false"/>
    </resource>
    <resource>
      <extension url="http://hl7.org/fhir/tools/StructureDefinition/resource-information">
        <valueString value="StructureDefinition:resource"/>
      </extension>
      <reference>
        <reference value="StructureDefinition/observation-symptom-severity"/>
      </reference>
      <name value="Observation - Severity Symptom"/>
      <description value="Este perfil representa as restrições aplicadas ao recurso Observation pelo Guia de Implementação FHIR do Sistema Clínico de Triagem e Aconselhamento (TCCS).&#xA;Descreve as expectativas mínimas para o recurso Observation quando utilizado na composição do sistema ou em um dos recursos referidos.&#xA;É utilizado para representar os sintomas severos."/>
      <exampleBoolean value="false"/>
    </resource>
    <resource>
      <extension url="http://hl7.org/fhir/tools/StructureDefinition/resource-information">
        <valueString value="StructureDefinition:resource"/>
      </extension>
      <reference>
        <reference value="StructureDefinition/observation-symptom"/>
      </reference>
      <name value="Observation - Symptom"/>
      <description value="Este perfil representa as restrições aplicadas ao recurso Observation pelo Guia de Implementação FHIR do Sistema Clínico de Triagem e Aconselhamento (TCCS).&#xA;Descreve as expectativas mínimas para o recurso Observation quando utilizado na composição do sistema ou em um dos recursos referidos.&#xA;É utilizado para representar os sintomas."/>
      <exampleBoolean value="false"/>
    </resource>
    <resource>
      <extension url="http://hl7.org/fhir/tools/StructureDefinition/resource-information">
        <valueString value="StructureDefinition:resource"/>
      </extension>
      <reference>
        <reference value="StructureDefinition/observation-symptom-duration-body-site"/>
      </reference>
      <name value="Observation - Symptoms Duration And Body Site"/>
      <description value="Este perfil representa as restrições aplicadas ao recurso Observation pelo Guia de Implementação FHIR do Sistema Clínico de Triagem e Aconselhamento (TCCS).&#xA;Descreve as expectativas mínimas para o recurso Observation quando utilizado na composição do sistema ou em um dos recursos referidos.&#xA;É utilizado para representar a duração dos sintomas e o local no corpo onde estão localizados."/>
      <exampleBoolean value="false"/>
    </resource>
    <resource>
      <extension url="http://hl7.org/fhir/tools/StructureDefinition/resource-information">
        <valueString value="Organization"/>
      </extension>
      <reference>
        <reference value="Organization/P5Organization"/>
      </reference>
      <name value="P5 Organization"/>
      <description value="Organization"/>
      <exampleBoolean value="true"/>
    </resource>
    <resource>
      <extension url="http://hl7.org/fhir/tools/StructureDefinition/resource-information">
        <valueString value="StructureDefinition:resource"/>
      </extension>
      <reference>
        <reference value="StructureDefinition/patient-tccs"/>
      </reference>
      <name value="Patient - TCCS Patient"/>
      <description value="Este perfil representa as restrições aplicadas ao recurso Patient pelo Guia de Implementação FHIR do Sistema Clínico de Triagem e Aconselhamento (TCCS). Descreve as expectativas mínimas para o recurso Patient quando utilizado na composição do sistema ou em um dos recursos referidos.&#xA;Na área da saúde, Patient refere-se a um indivíduo, e informações demográficas específicas devem ser registradas e mantidas atualizadas."/>
      <exampleBoolean value="false"/>
    </resource>
    <resource>
      <extension url="http://hl7.org/fhir/tools/StructureDefinition/resource-information">
        <valueString value="StructureDefinition:resource"/>
      </extension>
      <reference>
        <reference value="StructureDefinition/questionnaire-response-app"/>
      </reference>
      <name value="Questionnaire Response - Questionário responsido na app"/>
      <description value="Este perfil especifica as restrições para o recurso `QuestionnaireResponse` para capturar respostas completas de questionários, associadas a um paciente e, opcionalmente, a um encontro clínico."/>
      <exampleBoolean value="false"/>
    </resource>
    <resource>
      <extension url="http://hl7.org/fhir/tools/StructureDefinition/resource-information">
        <valueString value="StructureDefinition:resource"/>
      </extension>
      <reference>
        <reference value="StructureDefinition/RelatedPersonTCCS"/>
      </reference>
      <name value="Related Person"/>
      <description value="Este perfil representa as restrições aplicadas ao recurso RelatedPerson pelo Guia de Implementação FHIR do Sistema Clínico de Triagem e Aconselhamento (TCCS). Descreve as expectativas mínimas para o recurso RelatedPerson quando utilizado na composição do sistema ou em um dos recursos referidos.&#xA;O recurso RelatedPerson é utilizado para informar sobre uma pessoa que está envolvida no cuidado de um paciente, mas que não é o alvo dos cuidados de saúde, nem tem uma responsabilidade formal no processo de cuidado."/>
      <exampleBoolean value="false"/>
    </resource>
    <resource>
      <extension url="http://hl7.org/fhir/tools/StructureDefinition/resource-information">
        <valueString value="ValueSet"/>
      </extension>
      <reference>
        <reference value="ValueSet/episode-of-care-status-subset"/>
      </reference>
      <name value="Subset of Episode Of Care Status"/>
      <description value="A subset of allowed statuses for EpisodeOfCare."/>
      <exampleBoolean value="false"/>
    </resource>
    <resource>
      <extension url="http://hl7.org/fhir/tools/StructureDefinition/resource-information">
        <valueString value="CodeSystem"/>
      </extension>
      <reference>
        <reference value="CodeSystem/symptom-properties"/>
      </reference>
      <name value="Symptom Properties CodeSystem"/>
      <description value="CodeSystem defining properties related to symptoms."/>
      <exampleBoolean value="false"/>
    </resource>
    <resource>
      <extension url="http://hl7.org/fhir/tools/StructureDefinition/resource-information">
        <valueString value="Organization"/>
      </extension>
      <reference>
        <reference value="Organization/TCCSTeam"/>
      </reference>
      <name value="TCCS Team"/>
      <description value="Triage and Counseling Clinical System Team"/>
      <exampleBoolean value="true"/>
    </resource>
    <page>
      <extension url="http://hl7.org/fhir/tools/StructureDefinition/ig-page-name">
        <valueUrl value="toc.html"/>
      </extension>
      <nameUrl value="toc.html"/>
      <title value="Table of Contents"/>
      <generation value="html"/>
      <page>
        <extension url="http://hl7.org/fhir/tools/StructureDefinition/ig-page-name">
          <valueUrl value="index.html"/>
        </extension>
        <nameUrl value="index.html"/>
        <title value="Home Page"/>
        <generation value="markdown"/>
      </page>
      <page>
        <extension url="http://hl7.org/fhir/tools/StructureDefinition/ig-page-name">
          <valueUrl value="background.html"/>
        </extension>
        <nameUrl value="background.html"/>
        <title value="Introdução"/>
        <generation value="markdown"/>
      </page>
      <page>
        <extension url="http://hl7.org/fhir/tools/StructureDefinition/ig-page-name">
          <valueUrl value="spec.html"/>
        </extension>
        <nameUrl value="spec.html"/>
        <title value="Especificações"/>
        <generation value="markdown"/>
      </page>
      <page>
        <extension url="http://hl7.org/fhir/tools/StructureDefinition/ig-page-name">
          <valueUrl value="downloads.html"/>
        </extension>
        <nameUrl value="downloads.html"/>
        <title value="Downloads"/>
        <generation value="html"/>
      </page>
      <page>
        <extension url="http://hl7.org/fhir/tools/StructureDefinition/ig-page-name">
          <valueUrl value="changes.html"/>
        </extension>
        <nameUrl value="changes.html"/>
        <title value="IG Change History"/>
        <generation value="html"/>
      </page>
    </page>
    <parameter>
      <code value="path-resource"/>
      <value value="input/capabilities"/>
    </parameter>
    <parameter>
      <code value="path-resource"/>
      <value value="input/examples"/>
    </parameter>
    <parameter>
      <code value="path-resource"/>
      <value value="input/extensions"/>
    </parameter>
    <parameter>
      <code value="path-resource"/>
      <value value="input/models"/>
    </parameter>
    <parameter>
      <code value="path-resource"/>
      <value value="input/operations"/>
    </parameter>
    <parameter>
      <code value="path-resource"/>
      <value value="input/profiles"/>
    </parameter>
    <parameter>
      <code value="path-resource"/>
      <value value="input/resources"/>
    </parameter>
    <parameter>
      <code value="path-resource"/>
      <value value="input/vocabulary"/>
    </parameter>
    <parameter>
      <code value="path-resource"/>
      <value value="input/maps"/>
    </parameter>
    <parameter>
      <code value="path-resource"/>
      <value value="input/testing"/>
    </parameter>
    <parameter>
      <code value="path-resource"/>
      <value value="input/history"/>
    </parameter>
    <parameter>
      <code value="path-resource"/>
      <value value="fsh-generated/resources"/>
    </parameter>
    <parameter>
      <code value="path-pages"/>
      <value value="template/config"/>
    </parameter>
    <parameter>
      <code value="path-pages"/>
      <value value="input/images"/>
    </parameter>
    <parameter>
      <code value="path-tx-cache"/>
      <value value="input-cache/txcache"/>
    </parameter>
  </definition>
</ImplementationGuide>