<?xml version="1.0" encoding="UTF-8"?>

<Patient xmlns="http://hl7.org/fhir">
  <id value="exemplo-patient-1"/>
  <meta>
    <profile value="https://hl7.pt/fhir/community-health/StructureDefinition/patient-tccs"/>
    <profile value="https://ehr.testing.p5.pt/api/fhir/StructureDefinition/PatientTCCS"/>
  </meta>
  <text>
    <status value="generated"/><div xmlns="http://www.w3.org/1999/xhtml"><p class="res-header-id"><b>Generated Narrative: Patient exemplo-patient-1</b></p><a name="exemplo-patient-1"> </a><a name="hcexemplo-patient-1"> </a><a name="exemplo-patient-1-en-US"> </a><p style="border: 1px #661aff solid; background-color: #e6e6ff; padding: 10px;">John Doe  Male, DoB: 2009-02-09 ( https://ehr.testing.p5.pt/api/fhir#12345678)</p><hr/><table class="grid"><tr><td style="background-color: #f3f5da" title="Ways to contact the Patient">Contact Detail</td><td colspan="3"><ul><li><a href="tel:+351999999999">+351999999999</a></li><li><a href="mailto:testing@email.com">testing@email.com</a></li></ul></td></tr></table></div>
  </text>
  <identifier>
    <system value="https://ehr.testing.p5.pt/api/fhir"/>
    <value value="12345678"/>
  </identifier>
  <name>
    <family value="Doe"/>
    <given value="John"/>
  </name>
  <telecom>
    <system value="phone"/>
    <value value="+351999999999"/>
  </telecom>
  <telecom>
    <system value="email"/>
    <value value="testing@email.com"/>
  </telecom>
  <gender value="male"/>
  <birthDate value="2009-02-09"/>
</Patient>