{
  "codeSystems" : [
    {
      "url" : "http://hl7.org/fhir/CodeSystem/medication-statement-status",
      "version" : "4.0.1",
      "status" : "draft",
      "name" : "Medication Status Codes",
      "title" : "Medication  status  codes",
      "description" : "Medication Status Codes",
      "oids" : ["2.16.840.1.113883.4.642.4.1379"],
      "uses" : {
      },
      "http://hl7.org/fhir/R4/valueset-medication-statement-status.html" : "Medication  status  codes"
    },
    {
      "url" : "http://hl7.org/fhir/allergy-intolerance-category",
      "version" : "4.0.1",
      "status" : "draft",
      "name" : "AllergyIntoleranceCategory",
      "title" : "AllergyIntoleranceCategory",
      "description" : "Category of an identified substance associated with allergies or intolerances.",
      "oids" : ["2.16.840.1.113883.4.642.4.134"],
      "uses" : {
      },
      "http://hl7.org/fhir/R4/valueset-allergy-intolerance-category.html" : "AllergyIntoleranceCategory"
    },
    {
      "url" : "http://hl7.org/fhir/allergy-intolerance-criticality",
      "version" : "4.0.1",
      "status" : "draft",
      "name" : "AllergyIntoleranceCriticality",
      "title" : "AllergyIntoleranceCriticality",
      "description" : "Estimate of the potential clinical harm, or seriousness, of a reaction to an identified substance.",
      "oids" : ["2.16.840.1.113883.4.642.4.130"],
      "uses" : {
      },
      "http://hl7.org/fhir/R4/valueset-allergy-intolerance-criticality.html" : "AllergyIntoleranceCriticality"
    },
    {
      "url" : "http://hl7.org/fhir/care-plan-activity-status",
      "version" : "4.0.1",
      "status" : "draft",
      "name" : "CarePlanActivityStatus",
      "title" : "CarePlanActivityStatus",
      "description" : "Codes that reflect the current state of a care plan activity within its overall life cycle.",
      "oids" : ["2.16.840.1.113883.4.642.4.147"],
      "uses" : {
      },
      "http://hl7.org/fhir/R4/valueset-care-plan-activity-status.html" : "CarePlanActivityStatus"
    },
    {
      "url" : "http://hl7.org/fhir/episode-of-care-status",
      "version" : "4.0.1",
      "status" : "draft",
      "name" : "EpisodeOfCareStatus",
      "title" : "EpisodeOfCareStatus",
      "description" : "The status of the episode of care.",
      "oids" : ["2.16.840.1.113883.4.642.4.665"],
      "uses" : {
      },
      "ValueSet-episode-of-care-status-subset.html" : "Subset of Episode Of Care Status"
    },
    {
      "url" : "http://hl7.org/fhir/reaction-event-severity",
      "version" : "4.0.1",
      "status" : "draft",
      "name" : "AllergyIntoleranceSeverity",
      "title" : "AllergyIntoleranceSeverity",
      "description" : "Clinical assessment of the severity of a reaction event as a whole, potentially considering multiple different manifestations.",
      "oids" : ["2.16.840.1.113883.4.642.4.136"],
      "uses" : {
      },
      "http://hl7.org/fhir/R4/valueset-reaction-event-severity.html" : "AllergyIntoleranceSeverity"
    },
    {
      "url" : "http://hl7.org/fhir/request-intent",
      "version" : "4.0.1",
      "status" : "draft",
      "name" : "RequestIntent",
      "title" : "RequestIntent",
      "description" : "Codes indicating the degree of authority/intentionality associated with a request.",
      "oids" : ["2.16.840.1.113883.4.642.4.114"],
      "uses" : {
      },
      "http://hl7.org/fhir/R4/valueset-care-plan-intent.html" : "Care Plan Intent"
    },
    {
      "url" : "http://hl7.org/fhir/resource-types",
      "version" : "4.0.1",
      "status" : "active",
      "name" : "ResourceType",
      "title" : "ResourceType",
      "description" : "One of the resource types defined as part of this version of FHIR.",
      "uses" : {
      },
      "http://hl7.org/fhir/R4/valueset-care-plan-activity-kind.html" : "Care Plan Activity Kind"
    }
  ]
}
