{
  "resourceType" : "Encounter",
  "id" : "exemplo-encounter-ia-registo",
  "meta" : {
    "profile" : ["https://hl7.pt/fhir/community-health/StructureDefinition/encounter-ai-algorithm"]
  },
  "text" : {
    "status" : "generated",
    "div" : "<div xmlns=\"http://www.w3.org/1999/xhtml\"><p class=\"res-header-id\"><b>Generated Narrative: Encounter exemplo-encounter-ia-registo</b></p><a name=\"exemplo-encounter-ia-registo\"> </a><a name=\"hcexemplo-encounter-ia-registo\"> </a><a name=\"exemplo-encounter-ia-registo-en-US\"> </a><p><b>status</b>: Finished</p><p><b>class</b>: <a href=\"http://terminology.hl7.org/6.1.0/CodeSystem-v3-ActCode.html#v3-ActCode-EMER\">ActCode EMER</a>: emergency</p><p><b>type</b>: <span title=\"Codes:{https://ehr.p5.pt/terminology/CodeSystem/service avaliador-de-sintomas}\">Avaliador de Sintomas</span></p><p><b>serviceType</b>: <span title=\"Codes:{https://ehr.p5.pt/terminology/CodeSystem/service-type ai-algorithm}\">Algoritmo de Inteligência Artificial</span></p><p><b>subject</b>: <a href=\"Patient-exemplo-patient-1.html\">John Doe  Male, DoB: 2009-02-09 ( https://ehr.testing.p5.pt/api/fhir#12345678)</a></p><p><b>episodeOfCare</b>: <a href=\"EpisodeOfCare-exemplo-episodeofcare-episodio-em-espera.html\">EpisodeOfCare: status = waitlist; type = Urgent; period = 2024-06-10 21:47:44+0000 --&gt; (ongoing)</a></p><p><b>period</b>: 2024-11-18 19:20:00+0000 --&gt; 2024-11-18 19:20:00+0000</p></div>"
  },
  "status" : "finished",
  "class" : {
    "system" : "http://terminology.hl7.org/CodeSystem/v3-ActCode",
    "code" : "EMER",
    "display" : "emergency"
  },
  "type" : [{
    "coding" : [{
      "system" : "https://ehr.p5.pt/terminology/CodeSystem/service",
      "code" : "avaliador-de-sintomas",
      "display" : "Avaliador de Sintomas"
    }]
  }],
  "serviceType" : {
    "coding" : [{
      "system" : "https://ehr.p5.pt/terminology/CodeSystem/service-type",
      "code" : "ai-algorithm",
      "display" : "Algoritmo de Inteligência Artificial"
    }]
  },
  "subject" : {
    "reference" : "Patient/exemplo-patient-1"
  },
  "episodeOfCare" : [{
    "reference" : "EpisodeOfCare/exemplo-episodeofcare-episodio-em-espera"
  }],
  "period" : {
    "start" : "2024-11-18T19:20:00+00:00",
    "end" : "2024-11-18T19:20:00+00:00"
  }
}