{
  "resourceType" : "Encounter",
  "id" : "exemplo-encounter-fecho-caso",
  "meta" : {
    "profile" : ["https://hl7.pt/fhir/community-health/StructureDefinition/encounter-finish"]
  },
  "text" : {
    "status" : "generated",
    "div" : "<div xmlns=\"http://www.w3.org/1999/xhtml\"><p class=\"res-header-id\"><b>Generated Narrative: Encounter exemplo-encounter-fecho-caso</b></p><a name=\"exemplo-encounter-fecho-caso\"> </a><a name=\"hcexemplo-encounter-fecho-caso\"> </a><a name=\"exemplo-encounter-fecho-caso-en-US\"> </a><p><b>status</b>: Finished</p><p><b>class</b>: <a href=\"http://terminology.hl7.org/6.1.0/CodeSystem-v3-ActCode.html#v3-ActCode-EMER\">ActCode EMER</a>: emergency</p><p><b>type</b>: <span title=\"Codes:{https://ehr.p5.pt/terminology/CodeSystem/service avaliador-de-sintomas}\">Avaliador de Sintomas</span></p><p><b>serviceType</b>: <span title=\"Codes:{https://ehr.p5.pt/terminology/CodeSystem/service-type finish}\">Fecho de caso</span></p><p><b>subject</b>: <a href=\"Patient-exemplo-patient-1.html\">John Doe  Male, DoB: 2009-02-09 ( https://ehr.testing.p5.pt/api/fhir#12345678)</a></p><p><b>episodeOfCare</b>: <a href=\"EpisodeOfCare-exemplo-episodeofcare-episodio-finalizado.html\">EpisodeOfCare: status = finished; type = Urgent; period = 2024-06-10 21:47:44+0000 --&gt; 2024-06-15 21:47:44+0000</a></p><p><b>period</b>: 2024-10-20 14:00:06+0000 --&gt; (ongoing)</p></div>"
  },
  "status" : "finished",
  "class" : {
    "system" : "http://terminology.hl7.org/CodeSystem/v3-ActCode",
    "code" : "EMER",
    "display" : "emergency"
  },
  "type" : [{
    "coding" : [{
      "system" : "https://ehr.p5.pt/terminology/CodeSystem/service",
      "code" : "avaliador-de-sintomas",
      "display" : "Avaliador de Sintomas"
    }]
  }],
  "serviceType" : {
    "coding" : [{
      "system" : "https://ehr.p5.pt/terminology/CodeSystem/service-type",
      "code" : "finish",
      "display" : "Fecho de caso"
    }]
  },
  "subject" : {
    "reference" : "Patient/exemplo-patient-1"
  },
  "episodeOfCare" : [{
    "reference" : "EpisodeOfCare/exemplo-episodeofcare-episodio-finalizado"
  }],
  "period" : {
    "start" : "2024-10-20T14:00:06+00:00"
  }
}