{
  "resourceType" : "EpisodeOfCare",
  "id" : "exemplo-episodeofcare-episodio-finalizado",
  "meta" : {
    "profile" : ["https://hl7.pt/fhir/community-health/StructureDefinition/episodeOfCare-standard"]
  },
  "text" : {
    "status" : "generated",
    "div" : "<div xmlns=\"http://www.w3.org/1999/xhtml\"><p class=\"res-header-id\"><b>Generated Narrative: EpisodeOfCare exemplo-episodeofcare-episodio-finalizado</b></p><a name=\"exemplo-episodeofcare-episodio-finalizado\"> </a><a name=\"hcexemplo-episodeofcare-episodio-finalizado\"> </a><a name=\"exemplo-episodeofcare-episodio-finalizado-en-US\"> </a><p><b>status</b>: Finished</p><p><b>type</b>: <span title=\"Codes:{http://localhost:8081/api/fhirValueSet/Urgency 1}\">Urgent</span></p><p><b>patient</b>: <a href=\"Patient-exemplo-patient-1.html\">John Doe  Male, DoB: 2009-02-09 ( https://ehr.testing.p5.pt/api/fhir#12345678)</a></p><p><b>managingOrganization</b>: <a href=\"Organization-P5Organization.html\">Organization P5</a></p><p><b>period</b>: 2024-06-10 21:47:44+0000 --&gt; 2024-06-15 21:47:44+0000</p><p><b>careManager</b>: <a href=\"Practitioner-exemplo-practitioner-1.html\">Practitioner John Smith </a></p></div>"
  },
  "status" : "finished",
  "type" : [{
    "coding" : [{
      "system" : "http://localhost:8081/api/fhirValueSet/Urgency",
      "code" : "1",
      "display" : "Urgent"
    }]
  }],
  "patient" : {
    "reference" : "Patient/exemplo-patient-1"
  },
  "managingOrganization" : {
    "reference" : "Organization/P5Organization"
  },
  "period" : {
    "start" : "2024-06-10T21:47:44+00:00",
    "end" : "2024-06-15T21:47:44+00:00"
  },
  "careManager" : {
    "reference" : "Practitioner/exemplo-practitioner-1"
  }
}