{
  "resourceType" : "Flag",
  "id" : "ExampleFlagHighRiskPregnancy",
  "meta" : {
    "profile" : ["https://hl7.pt/fhir/community-health/StructureDefinition/flag-critical-disease"]
  },
  "text" : {
    "status" : "extensions",
    "div" : "<div xmlns=\"http://www.w3.org/1999/xhtml\"><p class=\"res-header-id\"><b>Generated Narrative: Flag ExampleFlagHighRiskPregnancy</b></p><a name=\"ExampleFlagHighRiskPregnancy\"> </a><a name=\"hcExampleFlagHighRiskPregnancy\"> </a><a name=\"ExampleFlagHighRiskPregnancy-en-US\"> </a><p><b>Extension - Flag Detail</b>: <a href=\"Condition-exemplo-condition-gravidez-risco.html\">Condition </a></p><p><b>status</b>: Active</p><p><b>category</b>: <span title=\"Codes:{http://terminology.hl7.org/CodeSystem/flag-category clinical}\">Clinical</span></p><p><b>code</b>: <span title=\"Codes:\">Gravidez de risco</span></p><p><b>subject</b>: <a href=\"Patient-exemplo-patient-1.html\">John Doe  Male, DoB: 2009-02-09 ( https://ehr.testing.p5.pt/api/fhir#12345678)</a></p><p><b>period</b>: 2024-12-01 00:00:00+0000 --&gt; (ongoing)</p><p><b>author</b>: <a href=\"Practitioner-exemplo-practitioner-1.html\">Practitioner John Smith </a></p></div>"
  },
  "extension" : [{
    "url" : "https://hl7.pt/fhir/community-health/StructureDefinition/flag-detail",
    "valueReference" : {
      "reference" : "Condition/exemplo-condition-gravidez-risco"
    }
  }],
  "status" : "active",
  "category" : [{
    "coding" : [{
      "system" : "http://terminology.hl7.org/CodeSystem/flag-category",
      "code" : "clinical",
      "display" : "Clinical"
    }]
  }],
  "code" : {
    "text" : "Gravidez de risco"
  },
  "subject" : {
    "reference" : "Patient/exemplo-patient-1"
  },
  "period" : {
    "start" : "2024-12-01T00:00:00Z"
  },
  "author" : {
    "reference" : "Practitioner/exemplo-practitioner-1"
  }
}