{
  "resourceType" : "RelatedPerson",
  "id" : "exemplo-relatedPerson-2",
  "meta" : {
    "profile" : ["https://hl7.pt/fhir/community-health/StructureDefinition/RelatedPersonTCCS",
    "https://ehr.testing.p5.pt/api/fhir/StructureDefinition/RelatedPersonTCCS"]
  },
  "text" : {
    "status" : "extensions",
    "div" : "<div xmlns=\"http://www.w3.org/1999/xhtml\"><p class=\"res-header-id\"><b>Generated Narrative: RelatedPerson exemplo-relatedPerson-2</b></p><a name=\"exemplo-relatedPerson-2\"> </a><a name=\"hcexemplo-relatedPerson-2\"> </a><a name=\"exemplo-relatedPerson-2-en-US\"> </a><p><b>pt/api/fhir/StructureDefinition/PatientIdentifier</b>: <a href=\"Patient-exemplo-patient-3.html\">Michael Johnson  Male, DoB: 2008-10-22 ( https://ehr.testing.p5.pt/api/fhir#98765432)</a></p><p><b>patient</b>: <a href=\"Patient-exemplo-patient-1.html\">John Doe  Male, DoB: 2009-02-09 ( https://ehr.testing.p5.pt/api/fhir#12345678)</a></p><p><b>name</b>: Michael Johnson </p><p><b>telecom</b>: <a href=\"tel:+351777777777\">+351777777777</a></p></div>"
  },
  "extension" : [{
    "url" : "https://ehr.testing.p5.pt/api/fhir/StructureDefinition/PatientIdentifier",
    "valueReference" : {
      "reference" : "Patient/exemplo-patient-3"
    }
  }],
  "patient" : {
    "reference" : "Patient/exemplo-patient-1"
  },
  "name" : [{
    "family" : "Johnson",
    "given" : ["Michael"]
  }],
  "telecom" : [{
    "system" : "phone",
    "value" : "+351777777777"
  }]
}